step,engine,store,repeat,connections,seconds,rps,latency_avg_us,latency_p99_us,server_user_s,server_sys_s,cpu_us_per_req,cycles_per_req,instructions_per_req,ipc,branch_misses_per_req,cache_misses_per_req,context_switches_per_req
v0-v1,handler,memory,1,10,10.10,143434.86,70.7,139.0,38.99,26.08,44.92,203350,78860,0.39,1064.06,22.72,1.00
v0-v1,raw,memory,1,10,10.10,163690.31,63.8,140.0,16.76,31.52,29.20,115315,44982,0.39,427.94,18.70,1.00
v0-v1,handler,memory,2,10,10.10,119298.96,83.9,175.0,39.04,26.06,54.03,201035,78691,0.39,1076.80,27.78,1.00
v0-v1,raw,memory,2,10,10.10,160498.62,63.4,140.0,16.94,31.58,29.93,114182,44344,0.39,428.80,18.30,1.00
v0-v1,handler,memory,3,10,10.10,119914.49,83.5,176.0,38.82,26.08,53.59,199358,78468,0.39,1072.08,27.33,1.00
v0-v1,raw,memory,3,10,10.10,160026.85,63.8,141.0,17.11,31.46,30.05,114128,44070,0.39,429.47,18.21,1.00
v1,raw,memory,1,10,10.10,193240.36,51.3,106.0,16.88,31.96,25.02,116656,45313,0.39,427.19,13.43,1.00
v2,raw,memory,1,10,10.10,164156.88,61.1,130.0,14.13,32.17,27.93,107578,41024,0.38,326.34,15.82,1.00
v1,raw,memory,2,10,10.10,159426.66,64.1,144.0,16.85,31.57,30.07,115096,44672,0.39,428.90,18.18,1.00
v2,raw,memory,2,10,10.10,164677.19,62.0,136.0,14.20,31.85,27.69,106357,40361,0.38,324.63,16.09,1.00
v1,raw,memory,3,10,10.10,160822.46,63.8,135.0,17.58,31.56,30.25,114569,43934,0.38,430.63,16.97,1.00
v2,raw,memory,3,10,10.10,164659.27,61.2,127.0,14.06,32.07,27.74,106069,40276,0.38,324.54,15.93,1.00
pin-none,raw,memory,1,10,10.10,188632.89,54.4,149.0,16.35,30.95,24.83,116289,45007,0.39,425.02,21.18,1.00
pin-srv16,raw,memory,1,10,10.10,163818.84,94.3,1390.0,15.55,28.17,26.42,111871,44781,0.40,422.28,26.57,1.00
pin-split-cores,raw,memory,1,10,10.10,169521.42,112.6,1760.0,14.63,26.37,23.95,98012,40947,0.42,361.01,29.48,0.62
pin-split-smt,raw,memory,1,10,10.10,161638.07,118.1,1800.0,15.84,25.55,25.36,103287,41325,0.40,440.55,34.11,0.62
pin-none,raw,memory,2,10,10.10,155159.30,67.8,227.0,16.08,30.69,29.84,114837,44501,0.39,428.35,27.45,1.00
pin-srv16,raw,memory,2,10,10.10,150933.67,96.5,1250.0,15.32,28.44,28.71,111914,44525,0.40,425.51,30.09,1.00
pin-split-cores,raw,memory,2,10,10.10,170172.85,104.1,1630.0,14.89,26.52,24.10,98419,41090,0.42,363.66,28.41,0.62
pin-split-smt,raw,memory,2,10,10.10,164778.66,114.1,1670.0,16.17,26.27,25.50,103464,41332,0.40,442.17,29.55,0.62
pin-none,raw,memory,3,10,10.10,154368.15,68.6,233.0,16.21,30.58,30.01,115175,44566,0.39,428.06,27.24,1.00
pin-srv16,raw,memory,3,10,10.10,152974.33,90.7,1170.0,15.84,28.39,28.63,110880,44059,0.40,427.48,26.38,1.00
pin-split-cores,raw,memory,3,10,10.10,169888.12,111.7,1710.0,14.80,26.60,24.13,98681,41178,0.42,360.56,28.95,0.63
pin-split-smt,raw,memory,3,10,10.10,165043.77,102.2,1510.0,16.48,26.46,25.76,103820,40937,0.39,445.80,28.99,0.62
io-epoll16,raw,memory,1,10,10.10,187016.99,55.0,158.0,16.55,31.05,25.20,114791,44475,0.39,423.60,20.60,1.00
io-uring16,uring,memory,1,10,10.10,177352.26,58.8,211.0,3.17,29.74,18.37,73327,32547,0.44,156.97,28.39,0.81
io-uringsq16,uring,memory,1,10,10.10,126379.90,161.5,2120.0,2.17,75.05,60.50,204632,163151,0.80,185.69,39.06,1.30
io-epoll-split,raw,memory,1,10,10.10,167659.75,132.8,2170.0,14.65,26.25,24.15,99169,41345,0.42,356.67,32.66,0.62
io-uring-split,uring,memory,1,10,10.10,187668.48,105.4,1790.0,2.74,27.09,15.74,65763,31506,0.48,140.79,31.20,0.70
io-uringsq-split,uring,memory,1,10,10.02,10390.72,960.0,1220.0,0.01,61.19,588.07,2192007,2010604,0.92,147.98,264.77,1.20
io-epoll16,raw,memory,2,10,10.10,152644.08,69.9,292.0,16.21,30.42,30.25,115442,44684,0.39,427.08,32.22,1.00
io-uring16,uring,memory,2,10,10.10,187078.11,59.0,331.0,2.87,27.22,15.93,66129,30453,0.46,151.02,34.51,0.62
io-uringsq16,uring,memory,2,10,10.10,123857.05,178.8,2220.0,2.15,74.97,61.66,209882,169810,0.81,188.83,47.13,1.30
io-epoll-split,raw,memory,2,10,10.10,166960.75,130.8,2100.0,14.41,26.15,24.05,98333,41272,0.42,359.07,36.06,0.62
io-uring-split,uring,memory,2,10,10.10,191951.09,97.2,1550.0,2.65,26.62,15.10,65379,32283,0.49,142.09,28.98,0.61
io-uringsq-split,uring,memory,2,10,10.01,10044.49,990.0,1210.0,0.00,49.31,490.22,1817843,2092083,1.15,217.86,234.47,1.01
io-epoll16,raw,memory,3,10,10.10,150537.51,69.4,238.0,16.41,30.82,31.07,116443,44954,0.39,432.39,28.01,1.00
io-uring16,uring,memory,3,10,10.10,180585.68,59.5,255.0,2.67,27.49,16.54,67440,31130,0.46,150.58,29.99,0.71
io-uringsq16,uring,memory,3,10,10.01,106296.83,255.7,3110.0,1.80,82.62,79.31,266485,220901,0.83,200.50,58.56,1.45
io-epoll-split,raw,memory,3,10,10.10,159344.68,144.1,2230.0,13.79,25.25,24.26,98490,41007,0.42,358.37,42.75,0.63
io-uring-split,uring,memory,3,10,10.10,191268.75,102.6,1740.0,2.71,27.69,15.74,67670,32005,0.47,140.96,30.03,0.69
io-uringsq-split,uring,memory,3,10,10.02,10079.07,990.0,1460.0,0.00,59.10,585.33,2149446,2226746,1.04,220.22,449.84,1.20
