repeat,variant,workers,increments_per_worker,seconds,ops_per_sec,final_value,expected,lost,errors,retries
1,lost-update,10,10000,166.0389,602.3,10000,100000,90000,0,0
1,serializable,10,10000,21.2357,4709.0,10002,100000,89998,89998,0
1,serializable-retry,10,10000,287.0980,348.3,100000,100000,0,0,879105
1,in-place,10,10000,307.6854,325.0,100000,100000,0,0,0
1,for-update,10,10000,331.5695,301.6,100000,100000,0,0,0
1,optimistic,10,10000,1784.3218,56.0,100000,100000,0,0,488679
2,lost-update,10,10000,300.0100,333.3,10000,100000,90000,0,0
2,serializable,10,10000,34.5510,2894.3,10000,100000,90000,90000,0
2,serializable-retry,10,10000,344.9915,289.9,100000,100000,0,0,868940
2,in-place,10,10000,297.9236,335.7,100000,100000,0,0,0
2,for-update,10,10000,324.2634,308.4,100000,100000,0,0,0
2,optimistic,10,10000,1997.3017,50.1,100000,100000,0,0,549821
3,lost-update,10,10000,319.1479,313.3,10044,100000,89956,0,0
3,serializable,10,10000,38.5691,2592.7,10003,100000,89997,89997,0
3,serializable-retry,10,10000,498.3537,200.7,100000,100000,0,0,858734
3,in-place,10,10000,173.6341,575.9,100000,100000,0,0,0
3,for-update,10,10000,264.0117,378.8,100000,100000,0,0,0
3,optimistic,10,10000,2565.2908,39.0,100000,100000,0,0,719674
