repeat,store,clients,requests_per_client,total_requests,seconds,rps,final_value,expected,correct
1,memory,1,10000,10000,1.7003,5881.4,10000,10000,true
1,memory,2,10000,20000,1.7557,11391.7,20000,20000,true
1,memory,5,10000,50000,1.9594,25518.3,50000,50000,true
1,memory,10,10000,100000,2.9155,34299.7,100000,100000,true
2,memory,1,10000,10000,1.8658,5359.6,10000,10000,true
2,memory,2,10000,20000,1.8512,10803.9,20000,20000,true
2,memory,5,10000,50000,2.2634,22090.6,50000,50000,true
2,memory,10,10000,100000,3.3096,30215.1,100000,100000,true
3,memory,1,10000,10000,1.8594,5378.1,10000,10000,true
3,memory,2,10000,20000,1.6954,11796.4,20000,20000,true
3,memory,5,10000,50000,2.1204,23580.8,50000,50000,true
3,memory,10,10000,100000,3.1994,31256.0,100000,100000,true
1,disk,1,10000,10000,59.4324,168.3,10000,10000,true
1,disk,2,10000,20000,110.2958,181.3,20000,20000,true
1,disk,5,10000,50000,279.9146,178.6,50000,50000,true
1,disk,10,10000,100000,818.0793,122.2,100000,100000,true
2,disk,1,10000,10000,85.6439,116.8,10000,10000,true
2,disk,2,10000,20000,164.0927,121.9,20000,20000,true
2,disk,5,10000,50000,407.3757,122.7,50000,50000,true
2,disk,10,10000,100000,814.2633,122.8,100000,100000,true
3,disk,1,10000,10000,85.9177,116.4,10000,10000,true
3,disk,2,10000,20000,169.0832,118.3,20000,20000,true
3,disk,5,10000,50000,412.1800,121.3,50000,50000,true
3,disk,10,10000,100000,824.1182,121.3,100000,100000,true
