experiment,label,store,server_build,server_options,loadgen_engine,clients,requests_per_client,total_requests,seconds,rps,final_value,expected,correct
memory,base-ahc,memory,base,--engine async (original),ahc,10,10000,100000,2.6892,37185.2,100000,100000,true
memory,base-nio,memory,base,--engine async (original),nio,10,10000,100000,1.3347,74923.1,100000,100000,true
memory,handler-ahc,memory,new,--engine handler,ahc,10,10000,100000,3.1985,31264.4,100000,100000,true
memory,handler-nio,memory,new,--engine handler,nio,10,10000,100000,0.9876,101255.1,100000,100000,true
memory,base-ahc,memory,base,--engine async (original),ahc,10,10000,100000,3.3000,30302.7,100000,100000,true
memory,base-nio,memory,base,--engine async (original),nio,10,10000,100000,1.5168,65928.1,100000,100000,true
memory,handler-ahc,memory,new,--engine handler,ahc,10,10000,100000,2.8633,34924.4,100000,100000,true
memory,handler-nio,memory,new,--engine handler,nio,10,10000,100000,0.9594,104235.0,100000,100000,true
memory,base-ahc,memory,base,--engine async (original),ahc,10,10000,100000,3.2741,30542.8,100000,100000,true
memory,base-nio,memory,base,--engine async (original),nio,10,10000,100000,1.5757,63464.7,100000,100000,true
memory,handler-ahc,memory,new,--engine handler,ahc,10,10000,100000,2.8476,35116.7,100000,100000,true
memory,handler-nio,memory,new,--engine handler,nio,10,10000,100000,0.9753,102528.9,100000,100000,true
event-loops,h-el4-lg4,memory,new,--engine handler --event-loops 4,nio --event-loops 4,10,10000,100000,1.0310,96988.6,100000,100000,true
event-loops,h-el4-lg8,memory,new,--engine handler --event-loops 4,nio --event-loops 8,10,10000,100000,0.9584,104343.5,100000,100000,true
event-loops,h-el4-lg16,memory,new,--engine handler --event-loops 4,nio --event-loops 16,10,10000,100000,1.0655,93855.9,100000,100000,true
event-loops,h-el8-lg4,memory,new,--engine handler --event-loops 8,nio --event-loops 4,10,10000,100000,1.4207,70387.7,100000,100000,true
event-loops,h-el8-lg8,memory,new,--engine handler --event-loops 8,nio --event-loops 8,10,10000,100000,0.9857,101448.7,100000,100000,true
event-loops,h-el8-lg16,memory,new,--engine handler --event-loops 8,nio --event-loops 16,10,10000,100000,1.1480,87110.2,100000,100000,true
event-loops,h-el16-lg4,memory,new,--engine handler --event-loops 16,nio --event-loops 4,10,10000,100000,1.1431,87481.8,100000,100000,true
event-loops,h-el16-lg8,memory,new,--engine handler --event-loops 16,nio --event-loops 8,10,10000,100000,1.0896,91776.2,100000,100000,true
event-loops,h-el16-lg16,memory,new,--engine handler --event-loops 16,nio --event-loops 16,10,10000,100000,1.0289,97189.5,100000,100000,true
event-loops,h-el4-lg4,memory,new,--engine handler --event-loops 4,nio --event-loops 4,10,10000,100000,1.0874,91960.3,100000,100000,true
event-loops,h-el4-lg8,memory,new,--engine handler --event-loops 4,nio --event-loops 8,10,10000,100000,1.1392,87783.2,100000,100000,true
event-loops,h-el4-lg16,memory,new,--engine handler --event-loops 4,nio --event-loops 16,10,10000,100000,1.2034,83097.4,100000,100000,true
event-loops,h-el8-lg4,memory,new,--engine handler --event-loops 8,nio --event-loops 4,10,10000,100000,1.0869,92000.8,100000,100000,true
event-loops,h-el8-lg8,memory,new,--engine handler --event-loops 8,nio --event-loops 8,10,10000,100000,1.0009,99908.6,100000,100000,true
event-loops,h-el8-lg16,memory,new,--engine handler --event-loops 8,nio --event-loops 16,10,10000,100000,0.9994,100063.4,100000,100000,true
event-loops,h-el16-lg4,memory,new,--engine handler --event-loops 16,nio --event-loops 4,10,10000,100000,1.0594,94390.6,100000,100000,true
event-loops,h-el16-lg8,memory,new,--engine handler --event-loops 16,nio --event-loops 8,10,10000,100000,1.0172,98307.6,100000,100000,true
event-loops,h-el16-lg16,memory,new,--engine handler --event-loops 16,nio --event-loops 16,10,10000,100000,1.0431,95865.3,100000,100000,true
disk,disk-base,disk,base,"--store disk (original, fsync per increment)",ahc,10,2000,20000,126.0835,158.6,20000,20000,true
disk,dg-fsync-async,disk-group,new,--sync fsync,ahc,10,2000,20000,24.0101,833.0,20000,20000,true
disk,dg-fdatasync-async,disk-group,new,--sync fdatasync,ahc,10,2000,20000,9.7919,2042.5,20000,20000,true
disk,dg-fdatasync-handler,disk-group,new,--sync fdatasync --engine handler,ahc,10,2000,20000,7.5366,2653.7,20000,20000,true
disk,dg-fdatasync-handler-nio,disk-group,new,--sync fdatasync --engine handler,nio,10,2000,20000,6.7894,2945.8,20000,20000,true
disk,disk-base,disk,base,"--store disk (original, fsync per increment)",ahc,10,2000,20000,135.8987,147.2,20000,20000,true
disk,dg-fsync-async,disk-group,new,--sync fsync,ahc,10,2000,20000,35.0610,570.4,20000,20000,true
disk,dg-fdatasync-async,disk-group,new,--sync fdatasync,ahc,10,2000,20000,11.5097,1737.7,20000,20000,true
disk,dg-fdatasync-handler,disk-group,new,--sync fdatasync --engine handler,ahc,10,2000,20000,12.3690,1616.9,20000,20000,true
disk,dg-fdatasync-handler-nio,disk-group,new,--sync fdatasync --engine handler,nio,10,2000,20000,12.0184,1664.1,20000,20000,true
disk,disk-base,disk,base,"--store disk (original, fsync per increment)",ahc,10,2000,20000,175.2168,114.1,20000,20000,true
disk,dg-fsync-async,disk-group,new,--sync fsync,ahc,10,2000,20000,35.7272,559.8,20000,20000,true
disk,dg-fdatasync-async,disk-group,new,--sync fdatasync,ahc,10,2000,20000,12.0403,1661.1,20000,20000,true
disk,dg-fdatasync-handler,disk-group,new,--sync fdatasync --engine handler,ahc,10,2000,20000,12.1348,1648.1,20000,20000,true
disk,dg-fdatasync-handler-nio,disk-group,new,--sync fdatasync --engine handler,nio,10,2000,20000,11.5385,1733.3,20000,20000,true
disk-gather-delay,dg-delay0,disk-group,new,--engine handler --gather-delay-us 0,nio,10,2000,20000,7.2846,2745.5,20000,20000,true
disk-gather-delay,dg-delay100,disk-group,new,--engine handler --gather-delay-us 100,nio,10,2000,20000,7.9270,2523.0,20000,20000,true
disk-gather-delay,dg-delay300,disk-group,new,--engine handler --gather-delay-us 300,nio,10,2000,20000,6.2914,3179.0,20000,20000,true
disk-gather-delay,dg-delay1000,disk-group,new,--engine handler --gather-delay-us 1000,nio,10,2000,20000,5.3774,3719.2,20000,20000,true
disk-gather-delay,dg-delay0,disk-group,new,--engine handler --gather-delay-us 0,nio,10,2000,20000,5.8722,3405.9,20000,20000,true
disk-gather-delay,dg-delay100,disk-group,new,--engine handler --gather-delay-us 100,nio,10,2000,20000,4.5488,4396.8,20000,20000,true
disk-gather-delay,dg-delay300,disk-group,new,--engine handler --gather-delay-us 300,nio,10,2000,20000,3.6775,5438.5,20000,20000,true
disk-gather-delay,dg-delay1000,disk-group,new,--engine handler --gather-delay-us 1000,nio,10,2000,20000,5.0606,3952.1,20000,20000,true
disk-gather-delay,dg-delay0,disk-group,new,--engine handler --gather-delay-us 0,nio,10,2000,20000,5.7621,3470.9,20000,20000,true
disk-gather-delay,dg-delay100,disk-group,new,--engine handler --gather-delay-us 100,nio,10,2000,20000,4.1357,4835.9,20000,20000,true
disk-gather-delay,dg-delay300,disk-group,new,--engine handler --gather-delay-us 300,nio,10,2000,20000,3.6395,5495.3,20000,20000,true
disk-gather-delay,dg-delay1000,disk-group,new,--engine handler --gather-delay-us 1000,nio,10,2000,20000,5.1924,3851.8,20000,20000,true
postgres,pg-base,postgres,base,--pg-pool 20 (original),ahc,10,2000,20000,30.6641,652.2,20000,20000,true
postgres,pg-pool10,postgres,new,--pg-pool 10,ahc,10,2000,20000,30.4969,655.8,20000,20000,true
postgres,pg-pool1,postgres,new,--pg-pool 1,ahc,10,2000,20000,34.9515,572.2,20000,20000,true
postgres,pg-sharded10,postgres-sharded,new,--pg-shards 10,ahc,10,2000,20000,5.9826,3343.0,20000,20000,true
postgres,pg-base,postgres,base,--pg-pool 20 (original),ahc,10,2000,20000,30.1794,662.7,20000,20000,true
postgres,pg-pool10,postgres,new,--pg-pool 10,ahc,10,2000,20000,29.6801,673.9,20000,20000,true
postgres,pg-pool1,postgres,new,--pg-pool 1,ahc,10,2000,20000,33.4313,598.2,20000,20000,true
postgres,pg-sharded10,postgres-sharded,new,--pg-shards 10,ahc,10,2000,20000,5.6180,3560.0,20000,20000,true
postgres,pg-base,postgres,base,--pg-pool 20 (original),ahc,10,2000,20000,29.5171,677.6,20000,20000,true
postgres,pg-pool10,postgres,new,--pg-pool 10,ahc,10,2000,20000,34.1767,585.2,20000,20000,true
postgres,pg-pool1,postgres,new,--pg-pool 1,ahc,10,2000,20000,65.4411,305.6,20000,20000,true
postgres,pg-sharded10,postgres-sharded,new,--pg-shards 10,ahc,10,2000,20000,11.3565,1761.1,20000,20000,true
postgres-settings,pg-cd0-fdatasync,postgres,new,commit_delay=0 commit_siblings=1 wal_sync_method=fdatasync,ahc,10,2000,20000,30.3144,659.8,20000,20000,true
postgres-settings,pgs10-cd0-fdatasync,postgres-sharded,new,--pg-shards 10; commit_delay=0 commit_siblings=1 wal_sync_method=fdatasync,ahc,10,2000,20000,6.1712,3240.9,20000,20000,true
postgres-settings,pg-cd0-open_datasync,postgres,new,commit_delay=0 commit_siblings=1 wal_sync_method=open_datasync,ahc,10,2000,20000,29.7179,673.0,20000,20000,true
postgres-settings,pgs10-cd0-open_datasync,postgres-sharded,new,--pg-shards 10; commit_delay=0 commit_siblings=1 wal_sync_method=open_datasync,ahc,10,2000,20000,5.8613,3412.2,20000,20000,true
postgres-settings,pg-cd200-fdatasync,postgres,new,commit_delay=200 commit_siblings=1 wal_sync_method=fdatasync,ahc,10,2000,20000,34.7107,576.2,20000,20000,true
postgres-settings,pgs10-cd200-fdatasync,postgres-sharded,new,--pg-shards 10; commit_delay=200 commit_siblings=1 wal_sync_method=fdatasync,ahc,10,2000,20000,6.7891,2945.9,20000,20000,true
postgres-settings,pg-cd1000-fdatasync,postgres,new,commit_delay=1000 commit_siblings=1 wal_sync_method=fdatasync,ahc,10,2000,20000,50.4089,396.8,20000,20000,true
postgres-settings,pgs10-cd1000-fdatasync,postgres-sharded,new,--pg-shards 10; commit_delay=1000 commit_siblings=1 wal_sync_method=fdatasync,ahc,10,2000,20000,6.8887,2903.3,20000,20000,true
postgres-settings,pg-cd0-fdatasync,postgres,new,commit_delay=0 commit_siblings=1 wal_sync_method=fdatasync,ahc,10,2000,20000,29.9045,668.8,20000,20000,true
postgres-settings,pgs10-cd0-fdatasync,postgres-sharded,new,--pg-shards 10; commit_delay=0 commit_siblings=1 wal_sync_method=fdatasync,ahc,10,2000,20000,5.7826,3458.6,20000,20000,true
postgres-settings,pg-cd0-open_datasync,postgres,new,commit_delay=0 commit_siblings=1 wal_sync_method=open_datasync,ahc,10,2000,20000,29.8124,670.9,20000,20000,true
postgres-settings,pgs10-cd0-open_datasync,postgres-sharded,new,--pg-shards 10; commit_delay=0 commit_siblings=1 wal_sync_method=open_datasync,ahc,10,2000,20000,5.7124,3501.2,20000,20000,true
postgres-settings,pg-cd200-fdatasync,postgres,new,commit_delay=200 commit_siblings=1 wal_sync_method=fdatasync,ahc,10,2000,20000,34.6868,576.6,20000,20000,true
postgres-settings,pgs10-cd200-fdatasync,postgres-sharded,new,--pg-shards 10; commit_delay=200 commit_siblings=1 wal_sync_method=fdatasync,ahc,10,2000,20000,6.7428,2966.1,20000,20000,true
postgres-settings,pg-cd1000-fdatasync,postgres,new,commit_delay=1000 commit_siblings=1 wal_sync_method=fdatasync,ahc,10,2000,20000,74.9019,267.0,20000,20000,true
postgres-settings,pgs10-cd1000-fdatasync,postgres-sharded,new,--pg-shards 10; commit_delay=1000 commit_siblings=1 wal_sync_method=fdatasync,ahc,10,2000,20000,9.9468,2010.7,20000,20000,true
postgres-settings,pg-cd0-fdatasync,postgres,new,commit_delay=0 commit_siblings=1 wal_sync_method=fdatasync,ahc,10,2000,20000,58.1218,344.1,20000,20000,true
postgres-settings,pgs10-cd0-fdatasync,postgres-sharded,new,--pg-shards 10; commit_delay=0 commit_siblings=1 wal_sync_method=fdatasync,ahc,10,2000,20000,11.7889,1696.5,20000,20000,true
postgres-settings,pg-cd0-open_datasync,postgres,new,commit_delay=0 commit_siblings=1 wal_sync_method=open_datasync,ahc,10,2000,20000,57.1031,350.2,20000,20000,true
postgres-settings,pgs10-cd0-open_datasync,postgres-sharded,new,--pg-shards 10; commit_delay=0 commit_siblings=1 wal_sync_method=open_datasync,ahc,10,2000,20000,11.1121,1799.8,20000,20000,true
postgres-settings,pg-cd200-fdatasync,postgres,new,commit_delay=200 commit_siblings=1 wal_sync_method=fdatasync,ahc,10,2000,20000,63.1222,316.8,20000,20000,true
postgres-settings,pgs10-cd200-fdatasync,postgres-sharded,new,--pg-shards 10; commit_delay=200 commit_siblings=1 wal_sync_method=fdatasync,ahc,10,2000,20000,12.6242,1584.3,20000,20000,true
postgres-settings,pg-cd1000-fdatasync,postgres,new,commit_delay=1000 commit_siblings=1 wal_sync_method=fdatasync,ahc,10,2000,20000,76.4669,261.6,20000,20000,true
postgres-settings,pgs10-cd1000-fdatasync,postgres-sharded,new,--pg-shards 10; commit_delay=1000 commit_siblings=1 wal_sync_method=fdatasync,ahc,10,2000,20000,9.7176,2058.1,20000,20000,true
hazelcast,hz-base,hazelcast,base,"--engine async (original), member 5701",ahc,10,10000,100000,8.7954,11369.6,100000,100000,true
hazelcast,hz-base-nio,hazelcast,base,"--engine async (original), member 5701",nio,10,10000,100000,6.9398,14409.6,100000,100000,true
hazelcast,hz-handler-ahc,hazelcast,new,"--engine handler, member 5701",ahc,10,10000,100000,8.6016,11625.7,100000,100000,true
hazelcast,hz-handler-nio,hazelcast,new,"--engine handler, member 5701",nio,10,10000,100000,6.4911,15405.7,100000,100000,true
hazelcast,hz-handler-nio-leader,hazelcast,new,"--engine handler, fastest of 5701-5703 (leader 5702)",nio,10,10000,100000,5.5234,18104.7,100000,100000,true
hazelcast,hz-async-ahc-leader,hazelcast,new,"--engine async, fastest of 5701-5703 (leader 5702)",ahc,10,10000,100000,8.0828,12372.0,100000,100000,true
hazelcast,hz-base,hazelcast,base,"--engine async (original), member 5701",ahc,10,10000,100000,9.0342,11069.0,100000,100000,true
hazelcast,hz-base-nio,hazelcast,base,"--engine async (original), member 5701",nio,10,10000,100000,6.0073,16646.3,100000,100000,true
hazelcast,hz-handler-ahc,hazelcast,new,"--engine handler, member 5701",ahc,10,10000,100000,7.4221,13473.2,100000,100000,true
hazelcast,hz-handler-nio,hazelcast,new,"--engine handler, member 5701",nio,10,10000,100000,5.6316,17756.8,100000,100000,true
hazelcast,hz-handler-nio-leader,hazelcast,new,"--engine handler, fastest of 5701-5703 (leader 5702)",nio,10,10000,100000,4.7516,21045.5,100000,100000,true
hazelcast,hz-async-ahc-leader,hazelcast,new,"--engine async, fastest of 5701-5703 (leader 5702)",ahc,10,10000,100000,6.8592,14578.9,100000,100000,true
hazelcast,hz-base,hazelcast,base,"--engine async (original), member 5701",ahc,10,10000,100000,7.9782,12534.2,100000,100000,true
hazelcast,hz-base-nio,hazelcast,base,"--engine async (original), member 5701",nio,10,10000,100000,6.0512,16525.7,100000,100000,true
hazelcast,hz-handler-ahc,hazelcast,new,"--engine handler, member 5701",ahc,10,10000,100000,7.6594,13055.8,100000,100000,true
hazelcast,hz-handler-nio,hazelcast,new,"--engine handler, member 5701",nio,10,10000,100000,5.7711,17327.8,100000,100000,true
hazelcast,hz-handler-nio-leader,hazelcast,new,"--engine handler, fastest of 5701-5703 (leader 5702)",nio,10,10000,100000,4.9099,20367.0,100000,100000,true
hazelcast,hz-async-ahc-leader,hazelcast,new,"--engine async, fastest of 5701-5703 (leader 5702)",ahc,10,10000,100000,6.8727,14550.4,100000,100000,true
memory,mem-base-ahc,memory,base,--engine async (original),ahc,10,10000,100000,2.8031,35675.1,100000,100000,true
memory,mem-base-nio,memory,base,--engine async (original),nio,10,10000,100000,1.3121,76212.7,100000,100000,true
memory,mem-handler-ahc,memory,new,--engine handler,ahc,10,10000,100000,2.8582,34986.9,100000,100000,true
memory,mem-handler-nio,memory,new,--engine handler,nio,10,10000,100000,1.0472,95488.7,100000,100000,true
memory,mem-base-ahc,memory,base,--engine async (original),ahc,10,10000,100000,22.2202,4500.4,100000,100000,true
memory,mem-base-nio,memory,base,--engine async (original),nio,10,10000,100000,3.2084,31168.1,100000,100000,true
memory,mem-handler-ahc,memory,new,--engine handler,ahc,10,10000,100000,3.7240,26852.8,100000,100000,true
memory,mem-handler-nio,memory,new,--engine handler,nio,10,10000,100000,1.0832,92317.0,100000,100000,true
memory,mem-base-ahc,memory,base,--engine async (original),ahc,10,10000,100000,4.0866,24470.2,100000,100000,true
memory,mem-base-nio,memory,base,--engine async (original),nio,10,10000,100000,1.6685,59932.4,100000,100000,true
memory,mem-handler-ahc,memory,new,--engine handler,ahc,10,10000,100000,3.2115,31138.3,100000,100000,true
memory,mem-handler-nio,memory,new,--engine handler,nio,10,10000,100000,1.0904,91711.6,100000,100000,true
confirm-10x10k,confirm-dg-async-ahc,disk-group,new,--sync fdatasync,ahc,10,10000,100000,30.5849,3269.6,100000,100000,true
confirm-10x10k,confirm-dg-delay300-handler-nio,disk-group,new,--sync fdatasync --engine handler --gather-delay-us 300,nio,10,10000,100000,20.6627,4839.6,100000,100000,true
confirm-10x10k,confirm-pgs10-async-ahc,postgres-sharded,new,--pg-shards 10,ahc,10,10000,100000,29.0330,3444.4,100000,100000,true
